time_sec,step,x,y,yaw_rad,yaw_deg,distance_to_goal_m,linear_cmd,angular_cmd,pixel_x,pixel_y,map_value,map_class
8.669,1,3.981128,7.866716,0.000157,0.009,9.505843,0.150000,0.000000,79,224,254,free
8.880,1,4.002677,7.866727,0.000118,0.007,9.488772,0.150000,0.000000,80,224,254,free
9.081,1,4.033097,7.866737,0.000104,0.006,9.464707,0.150000,0.000000,80,224,254,free
9.281,1,4.058431,7.866732,0.000112,0.006,9.444701,0.150000,0.000000,81,224,254,free
9.581,1,4.104034,7.866738,0.000054,0.003,9.408746,0.150000,0.000000,82,224,254,free
9.781,1,4.134571,7.866746,0.000013,0.001,9.384715,0.150000,0.000000,82,224,254,free
10.081,1,4.180473,7.866738,0.000010,0.001,9.348674,0.150000,0.000000,83,224,254,free
10.281,1,4.211103,7.866742,0.000025,0.001,9.324666,0.150000,0.000000,84,224,254,free
10.481,1,4.241754,7.866748,0.000031,0.002,9.300681,0.150000,0.000000,84,224,254,free
10.681,1,4.272406,7.866743,0.000030,0.002,9.276741,0.150000,0.000000,85,224,254,free
10.882,1,4.297937,7.866742,0.000033,0.002,9.256828,0.150000,0.000000,85,224,254,free
11.082,1,4.328556,7.866748,0.000044,0.003,9.232979,0.150000,0.000000,86,224,254,free
11.382,1,4.374442,7.866748,0.000059,0.003,9.197320,0.150000,0.000000,87,224,254,free
11.682,1,4.420276,7.866751,0.000050,0.003,9.161790,0.150000,0.000000,88,224,254,free
11.883,1,4.450822,7.866756,0.000050,0.003,9.138160,0.150000,0.000000,89,224,254,free
12.083,1,4.481379,7.866755,0.000054,0.003,9.114567,0.150000,0.000000,89,224,254,free
12.283,1,4.511957,7.866756,0.000059,0.003,9.090997,0.150000,0.000000,90,224,254,free
12.484,1,4.542562,7.866762,0.000065,0.004,9.067446,0.150000,0.000000,90,224,254,free
12.783,1,4.583407,7.866763,0.000066,0.004,9.036085,0.150000,0.000000,91,224,254,free
14.284,2,4.597945,7.866763,0.000177,0.010,9.024940,0.150000,0.000000,91,224,254,free
14.484,2,4.614004,7.866769,0.000210,0.012,9.012638,0.150000,0.000000,92,224,254,free
14.684,2,4.644398,7.866776,0.000151,0.009,8.989389,0.150000,0.000000,92,224,254,free
14.885,2,4.674991,7.866779,0.000066,0.004,8.966034,0.150000,0.000000,93,224,254,free
15.184,2,4.721014,7.866783,0.000074,0.004,8.930982,0.150000,0.000000,94,224,254,free
15.385,2,4.751738,7.866787,0.000128,0.007,8.907637,0.150000,0.000000,95,224,254,free
15.585,2,4.782480,7.866790,0.000153,0.009,8.884323,0.150000,0.000000,95,224,254,free
15.785,2,4.813178,7.866794,0.000143,0.008,8.861088,0.150000,0.000000,96,224,254,free
16.007,2,4.838709,7.866798,0.000130,0.007,8.841797,0.150000,0.000000,96,224,254,free
16.207,2,4.869308,7.866801,0.000134,0.008,8.818721,0.150000,0.000000,97,224,254,free
16.407,2,4.899863,7.866803,0.000150,0.009,8.795723,0.150000,0.000000,97,224,254,free
16.618,2,4.930352,7.866808,0.000159,0.009,8.772820,0.150000,0.000000,98,224,254,free
16.818,2,4.960823,7.866814,0.000157,0.009,8.749977,0.150000,0.000000,99,224,254,free
17.019,2,4.991298,7.866819,0.000148,0.008,8.727177,0.150000,0.000000,99,224,254,free
17.319,2,5.037079,7.866827,0.000142,0.008,8.693013,0.150000,0.000000,100,224,254,free
17.620,2,5.082997,7.866836,0.000149,0.009,8.658856,0.150000,0.000000,101,224,254,free
17.919,2,5.123922,7.866842,0.000156,0.009,8.628505,0.150000,0.000000,102,224,254,free
18.219,2,5.170010,7.866850,0.000168,0.010,8.594430,0.150000,0.000000,103,224,254,free
18.419,2,5.200692,7.866854,0.000178,0.010,8.571808,0.150000,0.000000,104,224,254,free
19.820,3,5.215044,7.866858,0.000442,0.025,8.561242,0.000000,0.500000,104,224,254,free
20.020,3,5.221432,7.866888,0.013761,0.788,8.556524,0.000000,0.500000,104,224,254,free
20.329,3,5.228421,7.866959,0.072372,4.147,8.551338,0.000000,0.500000,104,224,254,free
20.543,3,5.231031,7.867038,0.137867,7.899,8.549367,0.000000,0.500000,104,224,254,free
20.833,3,5.232402,7.867262,0.278373,15.950,8.548208,0.000000,0.500000,104,224,254,free
22.259,4,5.228054,7.866231,0.516514,29.594,8.552101,0.150000,0.000000,104,224,254,free
22.551,4,5.259323,7.884473,0.534590,30.630,8.516754,0.150000,0.000000,105,224,254,free
22.839,4,5.294194,7.905171,0.536269,30.726,8.477103,0.150000,0.000000,105,223,254,free
23.043,4,5.320524,7.920740,0.530188,30.378,8.447210,0.150000,0.000000,106,223,254,free
23.337,4,5.360265,7.943940,0.527795,30.240,8.402303,0.150000,0.000000,107,223,254,free
23.541,4,5.386798,7.959468,0.531141,30.432,8.372302,0.150000,0.000000,107,222,254,free
23.747,4,5.413344,7.975129,0.533171,30.548,8.342205,0.150000,0.000000,108,222,254,free
23.950,4,5.439767,7.990707,0.532072,30.485,8.312261,0.150000,0.000000,108,222,254,free
24.233,4,5.479390,8.013953,0.529610,30.344,8.267446,0.150000,0.000000,109,221,254,free
24.443,4,5.505779,8.029405,0.530117,30.373,8.237626,0.150000,0.000000,110,221,254,free
24.663,4,5.527733,8.042285,0.531141,30.432,8.212806,0.150000,0.000000,110,221,254,free
24.947,4,5.567110,8.065424,0.531583,30.457,8.168271,0.150000,0.000000,111,220,254,free
25.149,4,5.593366,8.080862,0.531055,30.427,8.138576,0.150000,0.000000,111,220,254,free
25.351,4,5.619650,8.096298,0.530747,30.410,8.108868,0.150000,0.000000,112,220,254,free
25.644,4,5.659170,8.119503,0.531061,30.428,8.064214,0.150000,0.000000,113,219,254,free
25.853,4,5.685587,8.135025,0.531266,30.439,8.034365,0.150000,0.000000,113,219,254,free
26.865,5,5.698349,8.142524,0.531019,30.425,8.019947,0.000000,-0.500000,113,219,254,free
27.157,5,5.694545,8.141238,0.489348,28.038,8.023591,0.000000,-0.500000,113,219,254,free
27.364,5,5.693545,8.140784,0.404676,23.186,8.024629,0.000000,-0.500000,113,219,254,free
27.656,5,5.692841,8.140410,0.225545,12.923,8.025396,0.000000,-0.500000,113,219,254,free
27.858,5,5.692558,8.140393,0.113566,6.507,8.025613,0.000000,-0.500000,113,219,254,free
28.067,5,5.692396,8.140370,0.032469,1.860,8.025747,0.000000,-0.500000,113,219,254,free
29.374,6,5.701217,8.140361,-0.191922,-10.996,8.019357,0.150000,0.000000,114,219,254,free
29.670,6,5.732507,8.134365,-0.190029,-10.888,8.000856,0.150000,0.000000,114,219,254,free
29.960,6,5.777490,8.125465,-0.200106,-11.465,7.974598,0.150000,0.000000,115,219,254,free
30.168,6,5.807413,8.119370,-0.200551,-11.491,7.957352,0.150000,0.000000,116,219,254,free
30.458,6,5.851993,8.110563,-0.195501,-11.201,7.931616,0.150000,0.000000,117,219,254,free
30.663,6,5.881618,8.104630,-0.196262,-11.245,7.914666,0.150000,0.000000,117,219,254,free
30.879,6,5.911472,8.098670,-0.198421,-11.369,7.897654,0.150000,0.000000,118,220,254,free
31.164,6,5.956389,8.089652,-0.198841,-11.393,7.872246,0.150000,0.000000,119,220,254,free
31.374,6,5.986434,8.083612,-0.197780,-11.332,7.855359,0.150000,0.000000,119,220,254,free
31.576,6,6.011514,8.078587,-0.197359,-11.308,7.841315,0.150000,0.000000,120,220,254,free
31.865,6,6.056691,8.069538,-0.198054,-11.348,7.816163,0.150000,0.000000,121,220,254,free
32.072,6,6.086847,8.063471,-0.198462,-11.371,7.799499,0.150000,0.000000,121,220,254,free
32.273,6,6.116910,8.057425,-0.198271,-11.360,7.782971,0.150000,0.000000,122,220,254,free
32.567,6,6.161926,8.048394,-0.197778,-11.332,7.758365,0.150000,0.000000,123,221,254,free
32.767,6,6.191882,8.042388,-0.197872,-11.337,7.742096,0.150000,0.000000,123,221,254,free
32.980,6,6.221757,8.036398,-0.198130,-11.352,7.725958,0.150000,0.000000,124,221,254,free
33.274,6,6.261592,8.028398,-0.198258,-11.359,7.704584,0.150000,0.000000,125,221,254,free
33.474,6,6.291479,8.022394,-0.198179,-11.355,7.688650,0.150000,0.000000,125,221,254,free
34.680,7,6.306021,8.019435,-0.198029,-11.346,7.680958,0.000000,0.500000,126,221,254,free
34.886,7,6.309882,8.019360,-0.177739,-10.184,7.678396,0.000000,0.500000,126,221,254,free
35.096,7,6.312457,8.019241,-0.118419,-6.785,7.676739,0.000000,0.500000,126,221,254,free
35.382,7,6.313410,8.019125,0.033919,1.943,7.676179,0.000000,0.500000,126,221,254,free
35.685,7,6.313808,8.019494,0.203830,11.679,7.675637,0.000000,0.500000,126,221,254,free
36.892,8,6.313627,8.018464,0.342199,19.607,7.676518,0.150000,0.000000,126,221,254,free
37.103,8,6.333845,8.025691,0.346704,19.865,7.657514,0.150000,0.000000,126,221,254,free
37.392,8,6.377068,8.041657,0.356100,20.403,7.616550,0.150000,0.000000,127,221,254,free
37.696,8,6.420089,8.057592,0.351098,20.116,7.575802,0.150000,0.000000,128,220,254,free
37.900,8,6.448773,8.068031,0.347588,19.915,7.548805,0.150000,0.000000,128,220,254,free
38.187,8,6.486558,8.081708,0.350216,20.066,7.513338,0.150000,0.000000,129,220,254,free
38.394,8,6.515104,8.092242,0.353168,20.235,7.486425,0.150000,0.000000,130,220,254,free
38.599,8,6.543760,8.102794,0.352407,20.191,7.459453,0.150000,0.000000,130,219,254,free
38.889,8,6.586869,8.118566,0.349252,20.011,7.419003,0.150000,0.000000,131,219,254,free
39.093,8,6.615706,8.129066,0.349436,20.021,7.392019,0.150000,0.000000,132,219,254,free
39.299,8,6.644560,8.139599,0.350770,20.098,7.365029,0.150000,0.000000,132,219,254,free
39.599,8,6.687855,8.155456,0.351289,20.127,7.324544,0.150000,0.000000,133,218,254,free
39.812,8,6.716637,8.165994,0.350642,20.090,7.297671,0.150000,0.000000,134,218,254,free
40.104,8,6.754959,8.179997,0.350277,20.069,7.261957,0.150000,0.000000,135,218,254,free
40.417,8,6.797969,8.195724,0.350808,20.100,7.221931,0.150000,0.000000,135,218,254,free
40.702,8,6.840888,8.211434,0.350813,20.100,7.182045,0.150000,0.000000,136,217,254,free
40.903,8,6.869521,8.221909,0.350581,20.087,7.155479,0.150000,0.000000,137,217,254,free
42.305,9,6.897861,8.232263,0.350688,20.093,7.129226,0.000000,-0.500000,137,217,254,free
42.515,9,6.894319,8.232123,0.328765,18.837,7.131626,0.000000,-0.500000,137,217,254,free
42.730,9,6.892313,8.231681,0.263926,15.122,7.133262,0.000000,-0.500000,137,217,254,free
43.008,9,6.891538,8.231176,0.100840,5.778,7.134149,0.000000,-0.500000,137,217,254,free
43.221,9,6.891287,8.231063,-0.014277,-0.818,7.134397,0.000000,-0.500000,137,217,254,free
43.512,9,6.890895,8.231101,-0.144543,-8.282,7.134622,0.000000,-0.500000,137,217,254,free
45.027,10,6.896053,8.230637,-0.325846,-18.670,7.131636,0.150000,0.000000,137,217,254,free
45.240,10,6.916470,8.223618,-0.333646,-19.117,7.123796,0.150000,0.000000,138,217,254,free
45.450,10,6.945124,8.213744,-0.335244,-19.208,7.112908,0.150000,0.000000,138,217,254,free
45.732,10,6.987989,8.198920,-0.330764,-18.951,7.096871,0.150000,0.000000,139,218,254,free
45.941,10,7.016722,8.189027,-0.329507,-18.879,7.086230,0.150000,0.000000,140,218,254,free
46.232,10,7.060061,8.174183,-0.330790,-18.953,7.070335,0.150000,0.000000,141,218,254,free
46.435,10,7.089022,8.164227,-0.331608,-19.000,7.059889,0.150000,0.000000,141,218,254,free
46.652,10,7.113189,8.155904,-0.331520,-18.995,7.051272,0.150000,0.000000,142,218,254,free
46.877,10,7.142222,8.145918,-0.330941,-18.962,7.041019,0.150000,0.000000,142,219,254,free
47.143,10,7.185799,8.130976,-0.330716,-18.949,7.025818,0.150000,0.000000,143,219,254,free
47.447,10,7.229301,8.116003,-0.331246,-18.979,7.010958,0.150000,0.000000,144,219,254,free
47.654,10,7.258230,8.106052,-0.331264,-18.980,7.001220,0.150000,0.000000,145,219,254,free
47.944,10,7.301502,8.091174,-0.330993,-18.965,6.986874,0.150000,0.000000,146,220,254,free
48.145,10,7.330350,8.081263,-0.330977,-18.964,6.977454,0.150000,0.000000,146,220,254,free
48.353,10,7.354382,8.073005,-0.331082,-18.970,6.969701,0.150000,0.000000,147,220,254,free
48.647,10,7.397674,8.058121,-0.331261,-18.980,6.955952,0.150000,0.000000,147,220,254,free
48.863,10,7.426596,8.048175,-0.331258,-18.980,6.946921,0.150000,0.000000,148,221,254,free
49.162,10,7.470074,8.033223,-0.331212,-18.977,6.933578,0.150000,0.000000,149,221,254,free
50.773,11,7.483760,8.028416,-0.329225,-18.863,6.929517,0.000000,0.500000,149,221,254,free
51.061,11,7.490904,8.027339,-0.287071,-16.448,6.926242,0.000000,0.500000,149,221,254,free
51.281,11,7.493423,8.026964,-0.222803,-12.766,6.925086,0.000000,0.500000,149,221,254,free
51.571,11,7.494707,8.026878,-0.081879,-4.691,6.924410,0.000000,0.500000,149,221,254,free
51.873,11,7.495147,8.026924,0.062320,3.571,6.924118,0.000000,0.500000,149,221,254,free
52.090,11,7.495425,8.026993,0.164852,9.445,6.923900,0.000000,0.500000,149,221,254,free
53.600,12,7.491327,8.026962,0.289775,16.603,6.926305,0.150000,0.000000,149,221,254,free
53.889,12,7.520988,8.035788,0.292285,16.747,6.901923,0.150000,0.000000,150,221,254,free
54.105,12,7.550183,8.044456,0.286745,16.429,6.877991,0.150000,0.000000,151,221,254,free
54.313,12,7.579495,8.053074,0.284115,16.279,6.854086,0.150000,0.000000,151,220,254,free
54.598,12,7.623662,8.066046,0.287523,16.474,6.818177,0.150000,0.000000,152,220,254,free
54.819,12,7.653112,8.074794,0.289344,16.578,6.794220,0.150000,0.000000,153,220,254,free
55.048,12,7.682624,8.083578,0.288617,16.537,6.770254,0.150000,0.000000,153,220,254,free
55.324,12,7.726754,8.096641,0.286520,16.416,6.734578,0.150000,0.000000,154,220,254,free
55.524,12,7.751231,8.103851,0.286592,16.421,6.714874,0.150000,0.000000,155,219,254,free
55.740,12,7.780563,8.112508,0.287523,16.474,6.691299,0.150000,0.000000,155,219,254,free
56.027,12,7.824443,8.125497,0.288044,16.504,6.656107,0.150000,0.000000,156,219,254,free
56.228,12,7.853611,8.134129,0.287622,16.480,6.632787,0.150000,0.000000,157,219,254,free
56.432,12,7.882830,8.142775,0.287372,16.465,6.609485,0.150000,0.000000,157,219,254,free
56.635,12,7.912077,8.151422,0.287504,16.473,6.586225,0.150000,0.000000,158,218,254,free
56.847,12,7.941375,8.160092,0.287756,16.487,6.562978,0.150000,0.000000,158,218,254,free
57.049,12,7.965838,8.167336,0.287839,16.492,6.543609,0.150000,0.000000,159,218,254,free
57.255,12,7.995249,8.176044,0.287757,16.487,6.520380,0.150000,0.000000,159,218,254,free
57.471,12,8.024704,8.184759,0.287651,16.481,6.497182,0.150000,0.000000,160,218,254,free
57.745,12,8.068906,8.197837,0.287707,16.484,6.462489,0.150000,0.000000,161,218,254,free
59.349,13,8.082785,8.201919,0.284008,16.272,6.451645,0.000000,-0.500000,161,217,254,free
59.562,13,8.087660,8.201432,0.267449,15.324,6.449467,0.000000,-0.500000,161,217,254,free
59.851,13,8.091714,8.200246,0.190007,10.887,6.448321,0.000000,-0.500000,161,217,254,free
60.068,13,8.091773,8.200039,0.105675,6.055,6.448465,0.000000,-0.500000,161,217,254,free
60.270,13,8.091394,8.199911,0.000523,0.030,6.448774,0.000000,-0.500000,161,218,254,free
60.559,13,8.091199,8.199910,-0.146894,-8.416,6.448878,0.000000,-0.500000,161,218,254,free
70.091,14,8.096003,8.200040,-0.289871,-16.608,6.446220,0.150000,0.000000,161,217,254,free
70.302,14,8.120237,8.192810,-0.289977,-16.614,6.439552,0.150000,0.000000,162,218,254,free
70.509,14,8.149515,8.184072,-0.290125,-16.623,6.431622,0.150000,0.000000,162,218,254,free
70.713,14,8.173990,8.176764,-0.290172,-16.626,6.425100,0.150000,0.000000,163,218,254,free
70.999,14,8.218137,8.163602,-0.290223,-16.629,6.413558,0.150000,0.000000,164,218,254,free
71.199,14,8.247575,8.154820,-0.290574,-16.649,6.406039,0.150000,0.000000,164,218,254,free
71.489,14,8.291618,8.141598,-0.290702,-16.656,6.395121,0.150000,0.000000,165,219,254,free
71.721,14,8.320902,8.132844,-0.290290,-16.632,6.388001,0.150000,0.000000,166,219,254,free
71.935,14,8.350145,8.124112,-0.290108,-16.622,6.381021,0.150000,0.000000,167,219,254,free
72.142,14,8.379109,8.115471,-0.290496,-16.644,6.374239,0.150000,0.000000,167,219,254,free
72.443,14,8.418140,8.103773,-0.290740,-16.658,6.365361,0.150000,0.000000,168,219,254,free
72.727,14,8.462089,8.090645,-0.290103,-16.622,6.355623,0.150000,0.000000,169,220,254,free
72.935,14,8.491465,8.081879,-0.290034,-16.618,6.349283,0.150000,0.000000,169,220,254,free
73.140,14,8.520891,8.073095,-0.290268,-16.631,6.343077,0.150000,0.000000,170,220,254,free
73.341,14,8.550334,8.064298,-0.290429,-16.640,6.337018,0.150000,0.000000,171,220,254,free
73.543,14,8.579761,8.055507,-0.290345,-16.636,6.331103,0.150000,0.000000,171,220,254,free
73.836,14,8.623820,8.042347,-0.290197,-16.627,6.322515,0.150000,0.000000,172,221,254,free
74.045,14,8.653141,8.033589,-0.290255,-16.630,6.316979,0.150000,0.000000,173,221,254,free
75.847,15,8.691475,8.022147,-0.289852,-16.607,6.309950,0.000000,0.500000,173,221,254,free
76.141,15,8.696393,8.022087,-0.262135,-15.019,6.307806,0.000000,0.500000,173,221,254,free
76.455,15,8.698741,8.021721,-0.151017,-8.653,6.307085,0.000000,0.500000,173,221,254,free
76.749,15,8.699354,8.021556,0.022277,1.276,6.306960,0.000000,0.500000,173,221,254,free
76.949,15,8.699741,8.021691,0.132189,7.574,6.306667,0.000000,0.500000,173,221,254,free
78.157,16,8.696813,8.021347,0.292425,16.755,6.308281,0.150000,0.000000,173,221,254,free
78.461,16,8.731870,8.031956,0.298414,17.098,6.283194,0.150000,0.000000,174,221,254,free
78.748,16,8.775771,8.045647,0.306359,17.553,6.251575,0.150000,0.000000,175,221,254,free
78.954,16,8.804978,8.054894,0.303964,17.416,6.230514,0.150000,0.000000,176,220,254,free
79.268,16,8.843866,8.067004,0.299455,17.158,6.202777,0.150000,0.000000,176,220,254,free
79.554,16,8.887515,8.080575,0.300854,17.238,6.171836,0.150000,0.000000,177,220,254,free
79.848,16,8.931147,8.094158,0.301597,17.280,6.141076,0.150000,0.000000,178,220,254,free
80.049,16,8.960318,8.103201,0.300356,17.209,6.120649,0.150000,0.000000,179,219,254,free
80.250,16,8.989522,8.112226,0.299651,17.169,6.100309,0.150000,0.000000,179,219,254,free
80.451,16,9.018763,8.121259,0.300047,17.191,6.080033,0.150000,0.000000,180,219,254,free
80.748,16,9.062667,8.134859,0.300877,17.239,6.049718,0.150000,0.000000,181,219,254,free
80.957,16,9.087069,8.142428,0.300773,17.233,6.032946,0.150000,0.000000,181,219,254,free
81.256,16,9.130994,8.156034,0.300260,17.204,6.002926,0.150000,0.000000,182,218,254,free
81.468,16,9.160256,8.165094,0.300277,17.205,5.983044,0.150000,0.000000,183,218,254,free
81.749,16,9.204096,8.178673,0.300566,17.221,5.953424,0.150000,0.000000,184,218,254,free
81.953,16,9.233286,8.187718,0.300611,17.224,5.933813,0.150000,0.000000,184,218,254,free
82.158,16,9.262457,8.196761,0.300557,17.221,5.914304,0.150000,0.000000,185,218,254,free
83.758,17,9.291278,8.205689,0.302032,17.305,5.895127,0.000000,-0.500000,185,217,254,free
84.066,17,9.289885,8.205182,0.264265,15.141,5.896121,0.000000,-0.500000,185,217,254,free
84.275,17,9.288266,8.204778,0.190242,10.900,5.897106,0.000000,-0.500000,185,217,254,free
84.563,17,9.287400,8.204499,0.046106,2.642,5.897691,0.000000,-0.500000,185,217,254,free
84.859,17,9.286989,8.204476,-0.119741,-6.861,5.897867,0.000000,-0.500000,185,217,254,free
94.315,18,9.293013,8.204352,-0.261855,-15.003,5.895711,0.150000,0.000000,185,217,254,free
94.522,18,9.317516,8.197843,-0.261850,-15.003,5.892570,0.150000,0.000000,186,218,254,free
94.822,18,9.356635,8.187295,-0.262264,-15.027,5.887921,0.150000,0.000000,187,218,254,free
95.022,18,9.386105,8.179375,-0.262004,-15.012,5.884577,0.150000,0.000000,187,218,254,free
95.228,18,9.415654,8.171462,-0.261486,-14.982,5.881354,0.150000,0.000000,188,218,254,free
95.430,18,9.445241,8.163549,-0.261363,-14.975,5.878276,0.150000,0.000000,188,218,254,free
95.740,18,9.489646,8.151660,-0.261840,-15.002,5.873963,0.150000,0.000000,189,218,254,free
96.024,18,9.534053,8.139757,-0.261921,-15.007,5.870021,0.150000,0.000000,190,219,254,free
96.226,18,9.558703,8.133151,-0.261766,-14.998,5.867986,0.150000,0.000000,191,219,254,free
96.523,18,9.603043,8.121274,-0.261680,-14.993,5.864597,0.150000,0.000000,192,219,254,free
96.729,18,9.632574,8.113366,-0.261796,-15.000,5.862537,0.150000,0.000000,192,219,254,free
97.025,18,9.676829,8.101505,-0.261897,-15.006,5.859755,0.150000,0.000000,193,219,254,free
97.231,18,9.706334,8.093597,-0.261875,-15.004,5.858100,0.150000,0.000000,194,220,254,free
97.535,18,9.750631,8.081727,-0.261856,-15.003,5.855910,0.150000,0.000000,195,220,254,free
97.830,18,9.794987,8.069837,-0.261920,-15.007,5.854080,0.150000,0.000000,195,220,254,free
98.033,18,9.824588,8.061903,-0.261947,-15.008,5.853059,0.150000,0.000000,196,220,254,free
98.327,18,9.864070,8.051317,-0.261929,-15.007,5.851949,0.150000,0.000000,197,220,254,free
99.743,19,9.892867,8.043610,-0.260503,-14.926,5.851307,0.000000,0.500000,197,221,254,free
99.946,19,9.897596,8.043270,-0.248789,-14.255,5.850325,0.000000,0.500000,197,221,254,free
100.237,19,9.903806,8.042396,-0.182915,-10.480,5.849454,0.000000,0.500000,198,221,254,free
100.535,19,9.906022,8.042325,-0.060931,-3.491,5.848914,0.000000,0.500000,198,221,254,free
100.739,19,9.906622,8.042348,0.045016,2.579,5.848726,0.000000,0.500000,198,221,254,free
100.945,19,9.906804,8.042301,0.153930,8.820,5.848721,0.000000,0.500000,198,221,254,free
101.938,20,9.902018,8.042135,0.278505,15.957,5.850198,0.150000,0.000000,198,221,254,free
102.139,20,9.917137,8.046516,0.276376,15.835,5.841837,0.150000,0.000000,198,221,254,free
102.343,20,9.946315,8.054871,0.285632,16.366,5.825887,0.150000,0.000000,198,220,254,free
102.635,20,9.990154,8.067878,0.293162,16.797,5.801700,0.150000,0.000000,199,220,254,free
102.845,20,10.019483,8.076636,0.289156,16.567,5.785610,0.150000,0.000000,200,220,254,free
103.045,20,10.048894,8.085332,0.285176,16.339,5.769676,0.150000,0.000000,200,220,254,free
103.247,20,10.073460,8.092537,0.285178,16.339,5.756516,0.150000,0.000000,201,220,254,free
103.449,20,10.102935,8.101217,0.287834,16.492,5.740802,0.150000,0.000000,202,219,254,free
103.742,20,10.147136,8.114382,0.289492,16.587,5.717321,0.150000,0.000000,202,219,254,free
103.945,20,10.176493,8.123106,0.287956,16.499,5.701899,0.150000,0.000000,203,219,254,free
104.152,20,10.205824,8.131771,0.286803,16.433,5.686663,0.150000,0.000000,204,219,254,free
104.444,20,10.249755,8.144737,0.287668,16.482,5.664086,0.150000,0.000000,204,219,254,free
104.650,20,10.278929,8.153374,0.288469,16.528,5.649223,0.150000,0.000000,205,218,254,free
104.852,20,10.308134,8.162046,0.288461,16.528,5.634443,0.150000,0.000000,206,218,254,free
105.076,20,10.332488,8.169270,0.288048,16.504,5.622223,0.150000,0.000000,206,218,254,free
105.359,20,10.376415,8.182279,0.287738,16.486,5.600426,0.150000,0.000000,207,218,254,free
105.654,20,10.420490,8.195335,0.288152,16.510,5.578845,0.150000,0.000000,208,218,254,free
105.859,20,10.449934,8.204064,0.288255,16.516,5.564586,0.150000,0.000000,208,217,254,free
112.389,21,10.493770,8.217062,0.290780,16.660,5.543602,0.000000,-0.500000,209,217,254,free
112.591,21,10.490524,8.216990,0.275227,15.769,5.544271,0.000000,-0.500000,209,217,254,free
112.878,21,10.487311,8.216262,0.177430,10.166,5.545580,0.000000,-0.500000,209,217,254,free
113.082,21,10.486488,8.216022,0.072072,4.129,5.545967,0.000000,-0.500000,209,217,254,free
113.287,21,10.486120,8.215927,-0.042550,-2.438,5.546129,0.000000,-0.500000,209,217,254,free
113.488,21,10.485852,8.215951,-0.130925,-7.501,5.546155,0.000000,-0.500000,209,217,254,free
114.890,22,10.489652,8.215672,-0.287828,-16.491,5.545727,0.150000,0.000000,209,217,254,free
115.097,22,10.505512,8.210899,-0.294917,-16.897,5.547517,0.150000,0.000000,210,217,254,free
115.382,22,10.549071,8.197694,-0.296862,-17.009,5.552776,0.150000,0.000000,210,218,254,free
115.583,22,10.577976,8.188901,-0.293448,-16.813,5.556500,0.150000,0.000000,211,218,254,free
115.785,22,10.606980,8.180104,-0.291865,-16.723,5.560372,0.150000,0.000000,212,218,254,free
115.985,22,10.636179,8.171321,-0.292412,-16.754,5.564363,0.150000,0.000000,212,218,254,free
116.197,22,10.665457,8.162502,-0.293616,-16.823,5.568542,0.150000,0.000000,213,218,254,free
116.400,22,10.694788,8.153627,-0.294065,-16.849,5.572932,0.150000,0.000000,213,218,254,free
116.601,22,10.724165,8.144733,-0.293618,-16.823,5.577500,0.150000,0.000000,214,219,254,free
116.821,22,10.748668,8.137331,-0.293165,-16.797,5.581420,0.150000,0.000000,214,219,254,free
117.101,22,10.792811,8.124005,-0.293270,-16.803,5.588762,0.150000,0.000000,215,219,254,free
117.398,22,10.836806,8.110704,-0.293693,-16.827,5.596467,0.150000,0.000000,216,219,254,free
117.616,22,10.866084,8.101850,-0.293583,-16.821,5.601801,0.150000,0.000000,217,219,254,free
117.896,22,10.909887,8.088612,-0.293360,-16.808,5.610073,0.150000,0.000000,218,220,254,free
118.195,22,10.953651,8.075392,-0.293497,-16.816,5.618693,0.150000,0.000000,219,220,254,free
118.400,22,10.982839,8.066569,-0.293618,-16.823,5.624646,0.150000,0.000000,219,220,254,free
118.614,22,11.007190,8.059207,-0.293656,-16.825,5.629737,0.150000,0.000000,220,220,254,free
118.898,22,11.051120,8.045926,-0.293618,-16.823,5.639197,0.150000,0.000000,221,221,254,free
121.013,23,11.079904,8.037233,-0.291608,-16.708,5.645580,0.000000,0.500000,221,221,254,free
121.228,23,11.085171,8.036565,-0.275517,-15.786,5.645845,0.000000,0.500000,221,221,254,free
121.511,23,11.090651,8.035689,-0.200265,-11.474,5.646306,0.000000,0.500000,221,221,254,free
121.712,23,11.092101,8.035625,-0.119162,-6.827,5.646261,0.000000,0.500000,221,221,254,free
121.920,23,11.092808,8.035613,-0.017700,-1.014,5.646221,0.000000,0.500000,221,221,254,free
122.121,23,11.093094,8.035651,0.073089,4.188,5.646161,0.000000,0.500000,221,221,254,free
131.065,24,11.089133,8.035554,0.300030,17.190,5.646555,0.150000,0.000000,221,221,254,free
131.280,24,11.109351,8.041758,0.300078,17.193,5.638884,0.150000,0.000000,222,221,254,free
131.564,24,11.152768,8.055256,0.300468,17.216,5.622474,0.150000,0.000000,223,220,254,free
131.769,24,11.181921,8.064288,0.300095,17.194,5.611666,0.150000,0.000000,223,220,254,free
131.969,24,11.211151,8.073328,0.299705,17.172,5.600991,0.150000,0.000000,224,220,254,free
132.279,24,11.250226,8.085403,0.299813,17.178,5.586960,0.150000,0.000000,225,220,254,free
132.484,24,11.279570,8.094479,0.300082,17.193,5.576589,0.150000,0.000000,225,220,254,free
132.779,24,11.323643,8.108122,0.300127,17.196,5.561285,0.150000,0.000000,226,219,254,free
133.074,24,11.367559,8.121703,0.300040,17.191,5.546387,0.150000,0.000000,227,219,254,free
133.364,24,11.411387,8.135262,0.300054,17.192,5.531855,0.150000,0.000000,228,219,254,free
133.574,24,11.440554,8.144285,0.300106,17.195,5.522374,0.150000,0.000000,228,219,254,free
133.871,24,11.479333,8.156290,0.300085,17.194,5.509999,0.150000,0.000000,229,218,254,free
134.166,24,11.523016,8.169805,0.300016,17.190,5.496390,0.150000,0.000000,230,218,254,free
134.371,24,11.552183,8.178829,0.300056,17.192,5.487498,0.150000,0.000000,231,218,254,free
134.669,24,11.596046,8.192405,0.300135,17.196,5.474413,0.150000,0.000000,231,218,254,free
134.872,24,11.625356,8.201476,0.300132,17.196,5.465868,0.150000,0.000000,232,217,254,free
135.079,24,11.654700,8.210556,0.300118,17.196,5.457474,0.150000,0.000000,233,217,254,free
136.581,25,11.683035,8.219422,0.299677,17.170,5.449422,0.000000,-0.500000,233,217,254,free
136.880,25,11.689047,8.218776,0.255694,14.650,5.450258,0.000000,-0.500000,233,217,254,free
137.092,25,11.690507,8.218048,0.189176,10.839,5.451033,0.000000,-0.500000,233,217,254,free
137.387,25,11.690023,8.217741,0.063443,3.635,5.451324,0.000000,-0.500000,233,217,254,free
137.697,25,11.689774,8.217632,-0.101939,-5.841,5.451425,0.000000,-0.500000,233,217,254,free
138.885,26,11.697866,8.216869,-0.271462,-15.554,5.452456,0.150000,0.000000,233,217,254,free
139.092,26,11.720211,8.210685,-0.275731,-15.798,5.459439,0.150000,0.000000,234,217,254,free
139.317,26,11.749197,8.202482,-0.287555,-16.476,5.468813,0.150000,0.000000,234,217,254,free
139.595,26,11.792706,8.189474,-0.293205,-16.799,5.483856,0.150000,0.000000,235,218,254,free
139.796,26,11.821965,8.180736,-0.287951,-16.498,5.494151,0.150000,0.000000,236,218,254,free
140.088,26,11.866022,8.167786,-0.284320,-16.290,5.509729,0.150000,0.000000,237,218,254,free
140.288,26,11.895471,8.159127,-0.287125,-16.451,5.520333,0.150000,0.000000,237,218,254,free
140.591,26,11.939648,8.145993,-0.289654,-16.596,5.536665,0.150000,0.000000,238,219,254,free
140.797,26,11.964232,8.138652,-0.288560,-16.533,5.545932,0.150000,0.000000,239,219,254,free
141.086,26,12.008352,8.125614,-0.286375,-16.408,5.562682,0.150000,0.000000,240,219,254,free
141.287,26,12.037712,8.116965,-0.286860,-16.436,5.573985,0.150000,0.000000,240,219,254,free
141.583,26,12.081659,8.103962,-0.288214,-16.513,5.591230,0.150000,0.000000,241,219,254,free
141.786,26,12.110880,8.095312,-0.288037,-16.503,5.602879,0.150000,0.000000,242,220,254,free
141.999,26,12.140083,8.086670,-0.287573,-16.477,5.614658,0.150000,0.000000,242,220,254,free
142.288,26,12.183916,8.073703,-0.287656,-16.481,5.632598,0.150000,0.000000,243,220,254,free
142.590,26,12.222962,8.062141,-0.288031,-16.503,5.648854,0.150000,0.000000,244,220,254,free
142.805,26,12.252325,8.053443,-0.288027,-16.503,5.661243,0.150000,0.000000,245,220,254,free
149.232,27,12.296141,8.040455,-0.290017,-16.617,5.679996,0.000000,0.500000,245,221,254,free
149.445,27,12.299904,8.040353,-0.268133,-15.363,5.680617,0.000000,0.500000,245,221,254,free
149.721,27,12.302453,8.040066,-0.158946,-9.107,5.681255,0.000000,0.500000,246,221,254,free
149.926,27,12.302909,8.039910,-0.045606,-2.613,5.681473,0.000000,0.500000,246,221,254,free
150.127,27,12.303079,8.039985,0.071252,4.082,5.681422,0.000000,0.500000,246,221,254,free
150.423,27,12.303246,8.040240,0.218650,12.528,5.681193,0.000000,0.500000,246,221,254,free
150.725,27,12.303592,8.040307,0.357832,20.502,5.681175,0.000000,0.500000,246,221,254,free
150.932,27,12.303842,8.040391,0.441213,25.280,5.681126,0.000000,0.500000,246,221,254,free
151.136,27,12.303987,8.040530,0.544363,31.190,5.681009,0.000000,0.500000,246,221,254,free
151.424,27,12.304263,8.040790,0.698228,40.006,5.680790,0.000000,0.500000,246,221,254,free
151.628,27,12.304459,8.040979,0.798311,45.740,5.680630,0.000000,0.500000,246,221,254,free
151.919,27,12.304775,8.041281,0.948567,54.349,5.680376,0.000000,0.500000,246,221,254,free
152.119,27,12.304931,8.041459,1.050440,60.186,5.680221,0.000000,0.500000,246,221,254,free
152.331,27,12.305051,8.041609,1.152490,66.033,5.680089,0.000000,0.500000,246,221,254,free
152.536,27,12.305136,8.041729,1.253675,71.830,5.679983,0.000000,0.500000,246,221,254,free
152.831,27,12.305114,8.041737,1.387630,79.505,5.679971,0.000000,0.500000,246,221,254,free
153.923,28,12.305226,8.033364,1.599914,91.668,5.688278,0.150000,0.000000,246,221,254,free
154.130,28,12.304724,8.054724,1.590574,91.133,5.667056,0.150000,0.000000,246,220,254,free
154.333,28,12.304124,8.085414,1.590147,91.109,5.636585,0.150000,0.000000,246,220,254,free
154.535,28,12.303564,8.111035,1.594998,91.387,5.611140,0.150000,0.000000,246,219,254,free
154.739,28,12.302714,8.141759,1.599552,91.648,5.580604,0.150000,0.000000,246,219,254,free
155.034,28,12.301428,8.187618,1.596501,91.473,5.535027,0.150000,0.000000,246,218,254,free
155.331,28,12.300353,8.233376,1.593328,91.291,5.489585,0.150000,0.000000,246,217,254,free
155.535,28,12.299664,8.263459,1.595121,91.394,5.459716,0.150000,0.000000,245,216,254,free
155.831,28,12.298473,8.309100,1.597332,91.520,5.414382,0.150000,0.000000,245,215,254,free
156.044,28,12.297806,8.334559,1.596578,91.477,5.389097,0.150000,0.000000,245,215,254,free
156.339,28,12.296664,8.380487,1.594906,91.381,5.343495,0.150000,0.000000,245,214,254,free
156.643,28,12.295540,8.426534,1.595617,91.422,5.297785,0.150000,0.000000,245,213,254,free
156.930,28,12.294379,8.472650,1.596238,91.458,5.252006,0.150000,0.000000,245,212,254,free
157.132,28,12.293602,8.503297,1.595888,91.438,5.221586,0.150000,0.000000,245,211,254,free
157.332,28,12.292840,8.533909,1.595531,91.417,5.191205,0.150000,0.000000,245,211,254,free
157.544,28,12.292086,8.564480,1.595570,91.419,5.160870,0.150000,0.000000,245,210,254,free
157.836,28,12.291072,8.605159,1.595893,91.438,5.120506,0.150000,0.000000,245,209,254,free
158.045,28,12.290306,8.635611,1.595934,91.440,5.090293,0.150000,0.000000,245,209,254,free
159.048,29,12.289853,8.653462,1.596931,91.497,5.072583,0.150000,0.000000,245,208,254,free
159.251,29,12.289121,8.681663,1.596816,91.491,5.044603,0.150000,0.000000,245,208,254,free
159.456,29,12.288454,8.707216,1.597075,91.506,5.019254,0.150000,0.000000,245,207,254,free
159.660,29,12.287643,8.737875,1.597413,91.525,4.988839,0.150000,0.000000,245,207,254,free
159.949,29,12.286419,8.783781,1.597398,91.524,4.943304,0.150000,0.000000,245,206,254,free
160.159,29,12.285605,8.814289,1.597228,91.514,4.913045,0.150000,0.000000,245,205,254,free
160.446,29,12.284397,8.859965,1.597096,91.507,4.867752,0.150000,0.000000,245,204,254,free
160.647,29,12.283595,8.890484,1.597101,91.507,4.837493,0.150000,0.000000,245,204,254,free
160.864,29,12.282791,8.921021,1.597140,91.509,4.807220,0.150000,0.000000,245,203,254,free
161.150,29,12.281716,8.961773,1.597158,91.510,4.766825,0.150000,0.000000,245,202,254,free
161.451,29,12.280506,9.007689,1.597136,91.509,4.721319,0.150000,0.000000,245,201,254,free
161.654,29,12.279699,9.038331,1.597133,91.509,4.690955,0.150000,0.000000,245,201,254,free
161.958,29,12.278487,9.084311,1.597152,91.510,4.645400,0.150000,0.000000,245,200,254,free
162.254,29,12.277276,9.130259,1.597162,91.511,4.599886,0.150000,0.000000,245,199,254,free
162.464,29,12.276469,9.160855,1.597161,91.511,4.569582,0.150000,0.000000,245,198,254,free
162.763,29,12.275262,9.206685,1.597165,91.511,4.524199,0.150000,0.000000,245,197,254,free
163.057,29,12.274187,9.247389,1.597172,91.511,4.483900,0.150000,0.000000,245,197,254,free
164.556,30,12.273259,9.282513,1.597413,91.525,4.449132,0.000000,-0.500000,245,196,254,free
164.859,30,12.273309,9.279233,1.571495,90.040,4.452372,0.000000,-0.500000,245,196,254,free
165.060,30,12.273345,9.276605,1.513503,86.717,4.454968,0.000000,-0.500000,245,196,254,free
165.271,30,12.273349,9.275568,1.424265,81.604,4.455990,0.000000,-0.500000,245,196,254,free
173.795,31,12.274538,9.281821,1.128771,64.674,4.450032,0.150000,0.000000,245,196,254,free
174.092,31,12.287912,9.310300,1.128501,64.658,4.424300,0.150000,0.000000,245,195,254,free
174.388,31,12.307598,9.351660,1.126820,64.562,4.387108,0.150000,0.000000,246,194,254,free
174.588,31,12.320749,9.379218,1.126945,64.569,4.362425,0.150000,0.000000,246,194,254,free
174.882,31,12.338235,9.415973,1.128576,64.663,4.329611,0.150000,0.000000,246,193,254,free
175.083,31,12.351305,9.443605,1.129378,64.709,4.305015,0.150000,0.000000,247,193,254,free
175.283,31,12.364365,9.471262,1.129174,64.697,4.280470,0.150000,0.000000,247,192,254,free
175.490,31,12.377441,9.498919,1.128537,64.660,4.256007,0.150000,0.000000,247,192,254,free
175.784,31,12.397082,9.540397,1.128380,64.651,4.219474,0.150000,0.000000,247,191,254,free
175.999,31,12.410179,9.568061,1.128717,64.671,4.195210,0.150000,0.000000,248,190,254,free
176.296,31,12.429815,9.609567,1.128852,64.678,4.158959,0.150000,0.000000,248,189,254,free
176.497,31,12.440726,9.632625,1.128706,64.670,4.138904,0.150000,0.000000,248,189,254,free
176.795,31,12.460373,9.674123,1.128562,64.662,4.102965,0.150000,0.000000,249,188,254,free
177.092,31,12.480013,9.715613,1.128705,64.670,4.067233,0.150000,0.000000,249,187,254,free
177.299,31,12.493101,9.743265,1.128745,64.672,4.043532,0.150000,0.000000,249,187,254,free
177.602,31,12.512730,9.784737,1.128664,64.668,4.008162,0.150000,0.000000,250,186,254,free
177.894,31,12.532361,9.826206,1.128650,64.667,3.973009,0.150000,0.000000,250,185,254,free
179.707,32,12.538640,9.839556,1.129006,64.687,3.961729,0.000000,0.500000,250,185,254,free
179.992,32,12.539907,9.844620,1.165131,66.757,3.957166,0.000000,0.500000,250,185,254,free
180.201,32,12.540341,9.846446,1.235203,70.772,3.955516,0.000000,0.500000,250,185,254,free
180.401,32,12.540536,9.847109,1.336891,76.598,3.954926,0.000000,0.500000,250,185,254,free
180.610,32,12.540699,9.847363,1.451627,83.172,3.954723,0.000000,0.500000,250,185,254,free
180.898,32,12.540805,9.847689,1.607713,92.115,3.954436,0.000000,0.500000,250,185,254,free
181.197,32,12.540792,9.847927,1.748964,100.208,3.954203,0.000000,0.500000,250,185,254,free
182.698,33,12.540911,9.844340,1.885155,108.011,3.957697,0.150000,0.000000,250,185,254,free
182.905,33,12.533131,9.868450,1.888999,108.232,3.932394,0.150000,0.000000,250,184,254,free
183.106,33,12.523653,9.897400,1.886311,108.078,3.901976,0.150000,0.000000,250,184,254,free
183.405,33,12.511081,9.936089,1.881596,107.807,3.861352,0.150000,0.000000,250,183,254,free
183.701,33,12.497027,9.979793,1.882855,107.880,3.815501,0.150000,0.000000,249,182,254,free
183.905,33,12.487598,10.008934,1.884720,107.986,3.784914,0.150000,0.000000,249,181,254,free
184.108,33,12.478141,10.038055,1.884792,107.991,3.754340,0.150000,0.000000,249,181,254,free
184.311,33,12.468703,10.067171,1.883666,107.926,3.723777,0.150000,0.000000,249,180,254,free
184.608,33,12.454597,10.110843,1.883085,107.893,3.677949,0.150000,0.000000,249,179,254,free
184.819,33,12.445191,10.139947,1.883702,107.928,3.647407,0.150000,0.000000,248,179,254,free
185.106,33,12.432630,10.178733,1.884154,107.954,3.606699,0.150000,0.000000,248,178,254,free
185.403,33,12.418499,10.222372,1.883732,107.930,3.560901,0.150000,0.000000,248,177,254,free
185.605,33,12.409082,10.251480,1.883585,107.921,3.530355,0.150000,0.000000,248,176,254,free
185.811,33,12.399662,10.280599,1.883731,107.930,3.499799,0.150000,0.000000,247,176,254,free
186.012,33,12.390235,10.309728,1.883923,107.941,3.469232,0.150000,0.000000,247,175,254,free
186.213,33,12.380801,10.338862,1.883953,107.943,3.438660,0.150000,0.000000,247,175,254,free
186.424,33,12.371368,10.367995,1.883864,107.937,3.408089,0.150000,0.000000,247,174,254,free
186.709,33,12.358798,10.406832,1.883817,107.935,3.367340,0.150000,0.000000,247,173,254,free
188.026,34,12.349620,10.435375,1.882898,107.882,3.337406,0.000000,-0.500000,246,173,254,free
188.232,34,12.350114,10.439315,1.863615,106.777,3.333716,0.000000,-0.500000,247,173,254,free
188.537,34,12.350991,10.441474,1.782580,102.134,3.331848,0.000000,-0.500000,247,173,254,free
188.833,34,12.351312,10.440665,1.628491,93.306,3.332711,0.000000,-0.500000,247,173,254,free
189.141,34,12.351402,10.440345,1.461361,83.730,3.333044,0.000000,-0.500000,247,173,254,free
198.564,35,12.351938,10.448829,1.321444,75.713,3.324968,0.150000,0.000000,247,173,254,free
198.765,35,12.357605,10.471277,1.321272,75.703,3.304696,0.150000,0.000000,247,172,254,free
199.065,35,12.368958,10.515588,1.320231,75.644,3.264835,0.150000,0.000000,247,171,254,free
199.267,35,12.376545,10.545143,1.320373,75.652,3.238338,0.150000,0.000000,247,171,254,free
199.561,35,12.387893,10.589584,1.321466,75.714,3.198615,0.150000,0.000000,247,170,254,free
199.762,35,12.395441,10.619250,1.321564,75.720,3.172182,0.150000,0.000000,247,169,254,free
199.969,35,12.402998,10.648921,1.321118,75.694,3.145824,0.150000,0.000000,248,169,254,free
200.264,35,12.413088,10.688465,1.320771,75.675,3.110821,0.150000,0.000000,248,168,254,free
200.470,35,12.420656,10.718117,1.320946,75.685,3.084668,0.150000,0.000000,248,167,254,free
200.768,35,12.431996,10.762582,1.321172,75.698,3.045603,0.150000,0.000000,248,166,254,free
200.969,35,12.439552,10.792219,1.321069,75.692,3.019672,0.150000,0.000000,248,166,254,free
201.273,35,12.450892,10.836671,1.320897,75.682,2.980945,0.150000,0.000000,249,165,254,free
201.566,35,12.462240,10.881135,1.320957,75.685,2.942414,0.150000,0.000000,249,164,254,free
201.769,35,12.469805,10.910788,1.320997,75.688,2.916836,0.150000,0.000000,249,163,254,free
202.078,35,12.479896,10.950338,1.320949,75.685,2.882874,0.150000,0.000000,249,162,254,free
202.365,35,12.491252,10.994835,1.320898,75.682,2.844880,0.150000,0.000000,249,162,254,free
202.582,35,12.498822,11.024497,1.320907,75.682,2.819684,0.150000,0.000000,249,161,254,free
203.678,36,12.506195,11.053402,1.321987,75.744,2.795233,0.000000,0.500000,250,160,254,free
203.973,36,12.506295,11.059465,1.345401,77.086,2.789602,0.000000,0.500000,250,160,254,free
204.178,36,12.506541,11.062732,1.399102,80.163,2.786637,0.000000,0.500000,250,160,254,free
204.387,36,12.506581,11.063942,1.481791,84.900,2.785521,0.000000,0.500000,250,160,254,free
204.680,36,12.506536,11.064629,1.642510,94.109,2.784863,0.000000,0.500000,250,160,254,free
206.689,37,12.507002,11.060031,1.853197,106.180,2.789325,0.150000,0.000000,250,160,254,free
206.892,37,12.501199,11.080452,1.848745,105.925,2.768177,0.150000,0.000000,250,160,254,free
207.185,37,12.490056,11.119461,1.848820,105.930,2.727764,0.150000,0.000000,249,159,254,free
207.385,37,12.481625,11.148813,1.851376,106.076,2.697340,0.150000,0.000000,249,159,254,free
207.597,37,12.473137,11.178216,1.852165,106.121,2.666852,0.150000,0.000000,249,158,254,free
207.887,37,12.460418,11.222362,1.850280,106.013,2.621090,0.150000,0.000000,249,157,254,free
208.188,37,12.447757,11.266525,1.849947,105.994,2.575340,0.150000,0.000000,248,156,254,free
208.396,37,12.439309,11.295958,1.850751,106.040,2.544850,0.150000,0.000000,248,156,254,free
208.681,37,12.426618,11.340062,1.851075,106.059,2.499156,0.150000,0.000000,248,155,254,free
208.883,37,12.419573,11.364548,1.850741,106.040,2.473790,0.150000,0.000000,248,154,254,free
209.084,37,12.411131,11.393926,1.850459,106.024,2.443365,0.150000,0.000000,248,154,254,free
209.291,37,12.402694,11.423301,1.850564,106.030,2.412947,0.150000,0.000000,248,153,254,free
209.493,37,12.394247,11.452685,1.850822,106.044,2.382521,0.150000,0.000000,247,152,254,free
209.786,37,12.381561,11.496785,1.850896,106.049,2.336860,0.150000,0.000000,247,152,254,free
209.992,37,12.373099,11.526207,1.850790,106.042,2.306404,0.150000,0.000000,247,151,254,free
210.194,37,12.364634,11.555644,1.850753,106.040,2.275936,0.150000,0.000000,247,150,254,free
210.395,37,12.356167,11.585087,1.850820,106.044,2.245466,0.150000,0.000000,247,150,254,free
210.704,37,12.344879,11.624337,1.850922,106.050,2.204854,0.150000,0.000000,246,149,254,free
211.910,38,12.336397,11.653958,1.850556,106.029,2.174224,0.150000,0.000000,246,148,254,free
212.200,38,12.325188,11.692910,1.851963,106.110,2.133933,0.150000,0.000000,246,148,254,free
212.491,38,12.313870,11.732037,1.851655,106.092,2.093449,0.150000,0.000000,246,147,254,free
212.700,38,12.305385,11.761435,1.851146,106.063,2.063043,0.150000,0.000000,246,146,254,free
212.905,38,12.296903,11.790871,1.851126,106.062,2.032611,0.150000,0.000000,245,146,254,free
213.106,38,12.288411,11.820328,1.851467,106.081,2.002161,0.150000,0.000000,245,145,254,free
213.396,38,12.275660,11.864514,1.851696,106.094,1.956493,0.150000,0.000000,245,144,254,free
213.614,38,12.267169,11.893951,1.851560,106.087,1.926078,0.150000,0.000000,245,144,254,free
213.816,38,12.258689,11.923361,1.851476,106.082,1.895700,0.150000,0.000000,245,143,254,free
214.100,38,12.247385,11.962540,1.851571,106.087,1.855240,0.150000,0.000000,244,142,254,free
214.302,38,12.238918,11.991891,1.851622,106.090,1.824939,0.150000,0.000000,244,142,254,free
214.593,38,12.226222,12.035904,1.851587,106.088,1.779518,0.150000,0.000000,244,141,254,free
214.800,38,12.217753,12.065262,1.851576,106.087,1.749232,0.150000,0.000000,244,140,254,free
215.093,38,12.205038,12.109347,1.851635,106.091,1.703772,0.150000,0.000000,244,139,254,free
215.305,38,12.196548,12.138774,1.851672,106.093,1.673439,0.150000,0.000000,243,139,254,free
215.592,38,12.183802,12.182952,1.851677,106.093,1.627921,0.150000,0.000000,243,138,254,free
215.794,38,12.176720,12.207501,1.851681,106.094,1.602640,0.150000,0.000000,243,137,254,free
215.999,38,12.168224,12.236950,1.851700,106.095,1.572322,0.150000,0.000000,243,137,254,free
223.730,39,12.163853,12.252111,1.851976,106.110,1.556721,0.150000,0.000000,243,136,254,free
224.010,39,12.152515,12.291485,1.851991,106.111,1.516227,0.150000,0.000000,243,136,254,free
224.210,39,12.145565,12.315736,1.852562,106.144,1.491312,0.150000,0.000000,242,135,254,free
224.412,39,12.137052,12.344811,1.853566,106.201,1.461379,0.150000,0.000000,242,135,254,free
224.629,39,12.128546,12.373937,1.853075,106.173,1.431418,0.150000,0.000000,242,134,254,free
224.846,39,12.120070,12.403253,1.851541,106.085,1.401316,0.150000,0.000000,242,133,254,free
225.126,39,12.107380,12.447363,1.851001,106.055,1.356085,0.150000,0.000000,242,133,254,free
225.430,39,12.094634,12.491570,1.852156,106.121,1.310789,0.150000,0.000000,241,132,254,free
225.640,39,12.086113,12.521057,1.852220,106.124,1.280595,0.150000,0.000000,241,131,254,free
225.919,39,12.073337,12.565318,1.851592,106.088,1.235325,0.150000,0.000000,241,130,254,free
226.216,39,12.062027,12.604546,1.851713,106.095,1.195261,0.150000,0.000000,241,129,254,free
226.418,39,12.053548,12.633917,1.852006,106.112,1.165293,0.150000,0.000000,241,129,254,free
226.620,39,12.045092,12.663153,1.852036,106.114,1.135487,0.150000,0.000000,240,128,254,free
226.824,39,12.036621,12.692506,1.851784,106.099,1.105606,0.150000,0.000000,240,128,254,free
227.024,39,12.028165,12.721817,1.851648,106.092,1.075805,0.150000,0.000000,240,127,254,free
227.226,39,12.019700,12.751152,1.851749,106.097,1.046021,0.150000,0.000000,240,126,254,free
227.438,39,12.011218,12.780530,1.851902,106.106,1.016235,0.150000,0.000000,240,126,254,free
227.724,39,11.999886,12.819775,1.851921,106.107,0.976520,0.150000,0.000000,239,125,254,free
229.225,40,11.994409,12.838731,1.852148,106.120,0.957371,0.000000,0.500000,239,125,254,free
229.524,40,11.993957,12.846322,1.888428,108.199,0.950588,0.000000,0.500000,239,125,254,free
229.727,40,11.993042,12.848749,1.951945,111.838,0.948032,0.000000,0.500000,239,125,254,free
230.017,40,11.992295,12.849681,2.099774,120.308,0.946850,0.000000,0.500000,239,125,254,free
231.329,41,11.994967,12.846460,2.312853,132.517,0.950981,0.150000,0.000000,239,125,254,free
231.628,41,11.969974,12.873353,2.327903,133.379,0.915164,0.150000,0.000000,239,124,254,free
231.927,41,11.938708,12.906097,2.335668,133.824,0.871247,0.150000,0.000000,238,123,254,free
232.221,41,11.907229,12.939191,2.327157,133.336,0.827066,0.150000,0.000000,238,123,254,free
232.531,41,11.875768,12.972547,2.327004,133.327,0.782833,0.150000,0.000000,237,122,254,free
232.825,41,11.847636,13.002218,2.331218,133.569,0.743586,0.150000,0.000000,236,121,254,free
233.038,41,11.826465,13.024457,2.331263,133.572,0.714252,0.150000,0.000000,236,121,254,free
233.239,41,11.805321,13.046719,2.329423,133.466,0.685029,0.150000,0.000000,236,121,254,free
233.527,41,11.773638,13.080166,2.328458,133.411,0.641418,0.150000,0.000000,235,120,254,free
233.731,41,11.752581,13.102407,2.329316,133.460,0.612623,0.150000,0.000000,235,119,254,free
234.031,41,11.721022,13.135679,2.329968,133.497,0.569880,0.150000,0.000000,234,119,254,free
234.242,41,11.700065,13.157799,2.329517,133.472,0.541755,0.150000,0.000000,234,118,254,free
234.538,41,11.672093,13.187299,2.329294,133.459,0.504661,0.150000,0.000000,233,118,254,free
234.742,41,11.651112,13.209430,2.329541,133.473,0.477217,0.150000,0.000000,233,117,254,free
234.943,41,11.630102,13.231584,2.329719,133.483,0.450135,0.150000,0.000000,232,117,254,free
235.145,41,11.609050,13.253779,2.329659,133.480,0.423473,0.150000,0.000000,232,116,254,free
242.576,42,11.588381,13.275578,2.330644,133.536,0.397839,0.000000,-0.500000,231,116,254,free
242.866,42,11.592592,13.271340,2.276280,130.421,0.402813,0.000000,-0.500000,231,116,254,free
243.163,42,11.593757,13.270176,2.163595,123.965,0.404186,0.000000,-0.500000,231,116,254,free
243.375,42,11.594029,13.269864,2.051209,117.526,0.404545,0.000000,-0.500000,231,116,254,free
243.590,42,11.594086,13.269728,1.937916,111.034,0.404690,0.000000,-0.500000,231,116,254,free
243.873,42,11.594039,13.269567,1.789514,102.532,0.404839,0.000000,-0.500000,231,116,254,free
247.166,43,11.594024,13.273821,1.602474,91.815,0.400669,0.150000,0.000000,231,116,254,free
247.370,43,11.593525,13.289890,1.602505,91.817,0.384842,0.150000,0.000000,231,116,254,free
247.571,43,11.592569,13.320123,1.602009,91.788,0.355121,0.150000,0.000000,231,115,254,free
247.874,43,11.591149,13.365846,1.601673,91.769,0.310373,0.150000,0.000000,231,114,254,free
248.172,43,11.589882,13.406650,1.601931,91.784,0.270720,0.150000,0.000000,231,113,254,free
248.374,43,11.588924,13.437315,1.602041,91.790,0.241176,0.150000,0.000000,231,113,254,free
248.678,43,11.587488,13.483351,1.601899,91.782,0.197474,0.150000,0.000000,231,112,254,free
248.974,43,11.586056,13.529434,1.601864,91.780,0.155102,0.150000,0.000000,231,111,254,free
249.175,43,11.585104,13.560052,1.601944,91.785,0.128381,0.150000,0.000000,231,110,254,free
249.470,43,11.583675,13.605897,1.601967,91.786,0.092992,0.150000,0.000000,231,109,254,free
249.772,43,11.582411,13.646503,1.601910,91.783,0.072269,0.150000,0.000000,231,109,254,free
249.978,43,11.581463,13.676978,1.601891,91.782,0.069433,0.150000,0.000000,231,108,254,free
